subsystem,behavior,reference,status,implementation,impact,observed_games,priority,proposed_fix,required_test
CPU PMC,PMC1 cycle event; MMCR freeze; user aliases,GekkoUserManual chapter 11 tables 11-2 and 11-5..8,Partial,runtime/native/runtime.cpp:SprRead; AdvanceCpuTimers,Polling never terminates,HPPOA: DOL disassembly,P0,Cycle and TBL-edge events implemented; instruction/cache events and PMC IRQ remain missing,C++ PMC tests and independently compiled LLVM poll passed
CPU DEC/TB,CPU/12; DEC wrap; EE pending; RFI,GekkoUserManual chapter 2; DolRecomp timing.cpp,Partial,runtime/native/runtime.cpp:AdvanceCpuTimers; TryTakeDecrementerInterrupt,Values visible only at host boundaries,Not established for reported HPPOA loop,P1,Verify bounded AOT yields before changing timing ownership,DEC wrap; EE off/on; RFI; TB remainder; compiled loops
CPU exceptions,DSI ISI alignment program syscall MSR SPR cache,GekkoUserManual; low-memory executor inspection,Partial,runtime/native/runtime.cpp; .gekkoaot/src/DolRecomp/src/cpu/cpu.c,Memory fault restart points missing in previous LLVM regions,Unverified,P1,Native load/store restart entries and host-fault unwind added; audit remaining exception classes,DSI/RFI guest handler passed; FP fallback preserves fault state; other classes incomplete
VM,4 KiB pages; MEM1 arena; ARAM backing; DSI/ISI,man/vm/vm/VMInit.html; VMBASEInit.html; vmbase.h,Partial,runtime/native/page_table.h; runtime.cpp:AccessPagedVmem,Installed SDR1 maps the SDK data window to MEM1; absent pages fault,HPSS writes SDR1; old cached module retained legacy VM in v97 smoke,P1,Capability-gated migration added; page translation still limited to SDK data window; HLE/GX/ARAM coherence pending,Passed: hash/permissions/R-C/cross-page/DSI-RFI AOT; HPSS legacy module ran 30 s; fresh HPSS VM-capable module unverified
MEM1,24 MiB with cached/uncached aliases,runtime address-space inspection,Native,runtime/native/address_space.h,Invalid pointers must remain invalid,All,P1,Retain exact bounds,Boundary crossing and mirrors
Aurora storage,64 MiB GPU buffer; segmented staging; pass rollover,Current staging-v4.patch and materialized Aurora,Partial,patches/aurora/gekkoaot-storage-staging-v4.patch,Cached ranges and pass ordering on rollover,HPCOS overflow reported by user; not reproduced here,P0,Audit existing v4 instead of reapplying stale v89,Passed: opt-in real Vulkan rollover on two frames with fog/indexed arrays; pixels unverified
CP/FIFO/WGPIPE,32-byte bursts; breakpoint; IRQ; watermarks; wrap,GekkoUserManual section 9.4; SDK GXFlush/GXResetWriteGatherPipe/GXBeginDisplayList/GXEndDisplayList; SDK FIFO demos,Partial,runtime/hw/cp/native_cp.cpp; runtime/native/runtime.cpp,Stalled producer/consumer,HPCOS WPAR infinite poll reproduced then resolved; HPSS no fatal WPAR regression in 8 s,P1,v92 capacity; v94 CP-gated backend effects; v105 WPAR residual and physical gather across PI FIFO switches,Passed: capacity/wrap/breakpoint; GP stop/replay; WPAR discard; bidirectional FIFO switch bytes; HPCOS/HPSS bounded smokes. 128B bus backpressure and pixels unverified
GX/XF/cache,Indexed XF load lifetime; vertex/texture invalidation,SDK GXSetArray address=base+index*stride; native bridge and Aurora command processor,Partial,runtime/gx/aurora/bridge.cpp,Geometry/texture corruption,"Multi-game symptoms reported, causes unproven",P1,Aurora indexed XF loads now accept stride=0 as one reused matrix; source byte bounds retained; audit vertex/texture caches,Before/after GX FIFO test with indices 7/65535 and truncated source; full Aurora FIFO suite 206/206; game pixels unverified
OS,Context scheduler queues alarms mutex semaphores,SDK OSSendMessage/OSReceiveMessage wait priority; runtime/os/native_os.h,Partial,runtime/os/native_os.h,Missed wakeups or context corruption,Animaniacs reported freeze,P1,Message receiver and sender wakeups now follow priority-ordered guest wait queues; audit alarms/mutex/other scheduler paths,Before/after guest ABI priority tests for both blocked receivers and senders pass; Animaniacs unverified
Multi-image,Overlapping DOL/ELF REL routing; icbi invalidation,runtime dispatch and fixed-image routing inspected,Partial,runtime/native/runtime.cpp; tools/gekkoaotctl.cpp,Wrong code selected after replacement,MOH reported stuck,P1,Trace active identity and ambiguous identical chunks,Overlapping images and cross-image indirect returns
PI,Interrupt cause/mask and FIFO CPU pointers,native_pi.h/cpp; SDK comparison pending,Partial,runtime/hw/pi/native_pi.cpp,IRQ and producer visibility,Unverified,P1,Register read/write/ack tests,PI masks level delivery FIFO wrap
MI,Protection regions IRQ and timers,native_mi.h explicitly documents missing enforcement,Partial,runtime/hw/mi/native_mi.cpp,Protection/timer reads approximate,Unverified,P2,Add enforcement only with hardware scenarios,MI protection and interrupt ack
PE,Token/finish latches enable ack bbox,native_pe.h/cpp; SDK GX comparison pending,Partial,runtime/hw/pe/native_pe.cpp,Completion ordering and bbox accuracy,Unverified,P1,Test FIFO event propagation and ACK,PE token/finish
VI/XFB,Beam fields interrupts per-XFB history,native_vi.h; current bridge; v82 regression requirement,Partial,runtime/hw/vi/native_vi.cpp; runtime/gx/aurora/bridge.cpp,Scanout glitches,HPCOS improvement reported,P1,Cycle-accurate HCT comparator added; field/XFB history still partial,"VI HCT25/HCT125, ACK/retrigger and field tests pass; rendered pixels unverified"
DSP/AX,Mailboxes tasks voices AFC PCM SRC aux,Native DSP/HLE source inventory; SDK comparison pending,Partial,runtime/dsp/native/native_dsp.cpp; native_ax_hle.cpp; native_jaudio_hle.cpp,Audio or callback stalls,Unverified,P2,Build task/voice conformance scenarios,DSP mail task switching voice lifecycle
DSP LLE,Unknown microcode fallback,runtime/native/CMakeLists.txt,Partial,runtime/dsp/native/native_dsp_core.cpp,Uses GPL Dolphin instruction semantics; no Core link,Unverified,P2,Document fallback coverage separately,Unknown task bootstrap
AI,DMA sample counter streaming IRQ,SDK AI register documentation; Gekko audio clock behavior,Partial,runtime/hw/ai/native_ai.cpp,Audio callbacks,Unverified,P2,Trigger zero now disables compare; sample counter clocks after stream rate conversion,Before/after standalone AI trigger and 32/48 kHz counter tests pass; game audio unverified
ARAM,AR DMA ARQ callbacks and allocation,SDK VM documentation; DSP source inventory,Partial,runtime/dsp/native/native_dsp.cpp,VM backing coherence / callback timing,Unverified,P1,Verify shared ARAM source of truth,ARAM DMA and VM pages
DI,DMA async completion cancel status streaming,AdvanceRuntimeCycles DI completion inspected,Partial,runtime/hw/di/native_di.cpp; runtime/native/disc_reader.cpp,Missed DVD completion,Unverified,P2,Cover-open reads reject media provider; stale async completions rejected by sequence; runtime checks overlap before DMA,"Before/after DI absent-media, BREAK/cancel, reset and sequence tests pass; HPSS 375 reads with no DI failures in bounded smoke"
EXI,Card SRAM RTC select DMA IRQ,Source inventory only; SDK comparison pending,Partial,runtime/hw/exi/native_exi.cpp,Peripheral compatibility,Unverified,P2,Partial STATUS writes preserve pending W1C causes outside the written lanes,Before/after TCINT/EXTINT partial-lane ACK test passes; card/RTC paths unverified
SI,Four ports polling PAD rumble IRQ,SDK OSSerial.h; SISetSamplingRate manual; SIEnablePolling/SIDisablePolling MAP symbols,Partial,runtime/hw/si/native_si.cpp,Input polling/wakeup,HPCOS and HPSS v106 bounded startup had no SI fatal regression,P2,SIPOLL channel enable bits now gate only automatic polling; explicit COMCSR transfer remains available,"Before/after four-port selective polling, RDST IRQ and explicit transfer test passes; 11 CTest pass; gameplay input unverified"
Aurora bind-group lifetime,Recorded GX draws retain bind groups until their frame is submitted; resize does not erase in-flight IDs,Aurora render-worker and cache ownership audit; HPSS host core dump,Partial,patches/aurora/gekkoaot-bind-group-lifetime-v1.patch; tools/gekkoaotctl.cpp,Renderer crash on asynchronous frame lag or host-window resize,HPSS SIGSEGV then fatal cache miss before fix; HPCOS and HPSS 52 s after fix,P0,Expire at submitted frame index and retain cache across live-frame resize; other GPU resource lifetimes still need audit,Before/after bind-group age test; HPSS 52 s host smoke with resize and input; HPCOS 52 s host smoke; broader gameplay unverified
Aurora GX shader vertex,NBT3 uses three independent XYZ indices; dynamic GX_IDENTITY texture-matrix index bypasses matrix fetch,GX FIFO descriptor decoding; GX_IDENTITY=60; Aurora shader/uniform layout audit,Partial,patches/aurora/gekkoaot-shader-vertex-v1.patch,Incorrect binormal/tangent and texture coordinates for affected vertex formats,No usage proven in HPSS/HPCOS/MKDD captures,P1,Implemented NBT3 zero intra-element offset and dynamic identity guard; audit other shader formats,Before/after 3 shader generation tests pass; Aurora FIFO 206/206; in-game effect unverified
